path,size_bytes,sha256
COMMAND.COM,85480,93ed257d3aa2454821aa305b731544550dcccff898865b590deb972c47b48610
FDAUTO.BAT,1349,b549ecc8c9cbf220a7f163204272e1f44e00ac0d09e13e419e0cc4fa96109312
FDCONFIG.SYS,223,7f0733d00bab752e8ac8c72436ff6b03dfd2fe76301349b1e04de8a1c195f16e
KERNEL.SYS,46256,932c0c155701eddb7b902f7269a1b2ce31f5c82a6dc195172f2336d18a74e1fb
OPENGEM/GEM.BAT,457,13ec0a22d4a8c62fcfc826ec38329a374e4dc2347bf826f4696909be67b83a85
OPENGEM/GEMAPPS/2048.APP,16082,4173762277d8eb25c24b42d9c405a65030720a4be51692104d74496dc835ecb3
OPENGEM/GEMAPPS/2048.RSC,212,4fa7ecf2204db789199893180a4aa089bf46b82a9f0c47cfe7d7043fe154d0c9
OPENGEM/GEMAPPS/EDICON.APP,79504,46a15b3151267784843d46b2a3aae4d08d41eac994df7e525abd6a9d39eccf6b
OPENGEM/GEMAPPS/EDICON.RSC,7496,d2db0493218ecf6ab7b08b503e052809c329e85785fb828cee9513cbb4d91e3d
OPENGEM/GEMAPPS/FONTS/AA0100GV.VGA,3586,5fdd551308af541fcad8b507cc251283a5f3306e73a7f14e6cbfb85758dd3e3c
OPENGEM/GEMAPPS/FONTS/AA0140GV.VGA,3316,3b68d63f145952bbcfc2749fcee9f667a6875bb81c6059fd0170c38102f3d87e
OPENGEM/GEMAPPS/FONTS/AA0200GV.VGA,4458,8446dec6649a586db960f88201fbcc3498075a809541ccb61cb13719ea18d1ca
OPENGEM/GEMAPPS/FONTS/AA0280GV.VGA,6092,12bd1123489dcdc458151c780c048172ba459b7e93cdd02e30b2bcf24e881a9c
OPENGEM/GEMAPPS/FONTS/AA0360GV.VGA,10064,a938b33b4fff025b13b54cd41e6cc9910902ce83b1846d384d3ca3df30b0a3e9
OPENGEM/GEMAPPS/FONTS/AA0480GV.VGA,10930,895808a70598f5e09d0cb929091b6317d4972d1152939c8f58b7bbf6e56f7c82
OPENGEM/GEMAPPS/FONTS/AA070GAP.EGA,1992,b4fb7f0ad64da25f747d74de392b20e653c115901c54df1af4c8bb7594e24b6d
OPENGEM/GEMAPPS/FONTS/AA070GBP.B30,5150,1bf3ddceda5e2296a2027830a4e91840688d6526dfd526b1b153367b2d37554a
OPENGEM/GEMAPPS/FONTS/AA070GDP.ELQ,3246,4804df467dac00b9107c15b6bf745fa4714ab0fb7afcc1cb2e7df7d3596b1de0
OPENGEM/GEMAPPS/FONTS/AA070GEP.EPS,3548,e65760ccc4cc6e26fbc0c30900b81fadc4b6c2574f7b00cf38f72d850d26cf88
OPENGEM/GEMAPPS/FONTS/AA070GFP.X20,3240,caf665795133bcf79e44b8b3595b43eafb106f4a2e8d1925c4366d3d98141d62
OPENGEM/GEMAPPS/FONTS/AA070GHP.HPH,4194,f84c72b3e207765ffa5d8b853b6d57b508197955abbf0bc7e80a542cb52b4df8
OPENGEM/GEMAPPS/FONTS/AA070GLP.B30,5150,1bf3ddceda5e2296a2027830a4e91840688d6526dfd526b1b153367b2d37554a
OPENGEM/GEMAPPS/FONTS/AA070GVP.VGA,2228,70438fd200fe27fe361833c1686caf611a88c42bf37ead89b07aa01f13b6fe99
OPENGEM/GEMAPPS/FONTS/AA100GAP.EGA,2922,05454e51457b9ba078aae8510db767fc2af35c04f33500c211b6442150b5280c
OPENGEM/GEMAPPS/FONTS/AA100GBP.B30,7244,1cd715163699c9058b201c5576a6d8d24648e8c34c8cb1ce4a9b9e1f96f58744
OPENGEM/GEMAPPS/FONTS/AA100GCP.CGA,2092,e96732c315c8bf833a7269a81f16e9a97cd7b8153e8e3d29ed875cff2ebb1ae7
OPENGEM/GEMAPPS/FONTS/AA100GDP.ELQ,4432,8de17e7b08d021915d2cb5b9d47233655ab90147ff13d496a90d40945f1dd07f
OPENGEM/GEMAPPS/FONTS/AA100GEP.EPS,3268,aed9706d5fac160d2ea45b44b9b3ad885a645f64008d0fb0a28e5c85bf7ac1e4
OPENGEM/GEMAPPS/FONTS/AA100GFP.X20,3064,8441b2e9101d4f63bfc05253e60df6eee828655247860326939382239bed060a
OPENGEM/GEMAPPS/FONTS/AA100GHP.HPH,3806,cbcab784b2ef93ad6eefb19b26c9219133095d048c57b047cf58d04cc94943fa
OPENGEM/GEMAPPS/FONTS/AA100GLP.B30,7244,1cd715163699c9058b201c5576a6d8d24648e8c34c8cb1ce4a9b9e1f96f58744
OPENGEM/GEMAPPS/FONTS/AA100GVP.VGA,3586,227328b4ca64088a8e321685702d9fe628133bd558332987a2d8270125e1b951
OPENGEM/GEMAPPS/FONTS/AA140GAP.EGA,3106,038a044807d446a2e9b3d1cd4f976ad060a07343a1a57ebb00545f7b398d097a
OPENGEM/GEMAPPS/FONTS/AA140GBP.B30,10482,059103188a059cb4c1fb2c1feab9df110323b1d3d45a6cb402e67e4af154798d
OPENGEM/GEMAPPS/FONTS/AA140GCP.CGA,3290,8f259947334c6ea3aa5960acfcd2a0a1a57edcbdcb3e4641a1692d8e9eb1d5cc
OPENGEM/GEMAPPS/FONTS/AA140GDP.ELQ,6076,20deaa060cd07aebefaf414eed2c6c5c37311a697627b85493e2dea7314e1009
OPENGEM/GEMAPPS/FONTS/AA140GEP.EPS,4440,2cbc3ab5d94399764c21a060a1ad5fdb33c1b1bf7fe9a9a2a70c578b48521c62
OPENGEM/GEMAPPS/FONTS/AA140GFP.X20,4220,2c313f07f7b4b301ee747dddd0fbc4502b544825172ccd77a0c8e0b39e8c2270
OPENGEM/GEMAPPS/FONTS/AA140GHP.HPH,5150,eb00031f928d6d2624e2c3252888a1b81bf8dab947cfd69146e3b5db9151a8a1
OPENGEM/GEMAPPS/FONTS/AA140GLP.B30,10482,059103188a059cb4c1fb2c1feab9df110323b1d3d45a6cb402e67e4af154798d
OPENGEM/GEMAPPS/FONTS/AA140GVP.VGA,3328,e67a200da43ee23e36db23f2b07d3afcd44927ac16f40563a587513215f6ee76
OPENGEM/GEMAPPS/FONTS/AA180GAP.EGA,3834,ee47e3639662b98e63b8f594db0052708b2abca918af53eba638f77526a9ec81
OPENGEM/GEMAPPS/FONTS/AA180GCP.CGA,4530,6400886c8d3a4b70014b7be759a08a7733f733f094917930918d3a879f1a58a4
OPENGEM/GEMAPPS/FONTS/AA180GVP.VGA,4088,3a357cf4d5585a9c8ccf4d787303e02b6c33efb6bcfaf26717e93027e536bdc4
OPENGEM/GEMAPPS/FONTS/AA200GBP.B30,15864,e4888ea9fb5fc4ee74e1537129f1a9d6905df1cde2b1d10d6da40b8cfaced600
OPENGEM/GEMAPPS/FONTS/AA200GDP.ELQ,8924,f61a6871f45047da91f19ee2c8bc0cac76a047b872b89e756a47d7bac7d722dd
OPENGEM/GEMAPPS/FONTS/AA200GEP.EPS,6150,2f7dc5d3db9f45d13198b452fa99109588814c98341d0925bab2364a608d11ff
OPENGEM/GEMAPPS/FONTS/AA200GFP.X20,5800,cfa866376239fc6e84a9a1a629781274387cd90692404a5d9f8917a22d89cc33
OPENGEM/GEMAPPS/FONTS/AA200GHP.HPH,7244,53b0abc3d29dd00511b92368f295a8ed5f34bd9fe96ff0420eab012144eca1e7
OPENGEM/GEMAPPS/FONTS/AA200GLP.B30,15864,e4888ea9fb5fc4ee74e1537129f1a9d6905df1cde2b1d10d6da40b8cfaced600
OPENGEM/GEMAPPS/FONTS/AA280GBP.B30,23914,aaad2bc12a268367d69fa6eb22dfb77c57f564b23cbef0a7080ef556aa41d25e
OPENGEM/GEMAPPS/FONTS/AA280GDP.ELQ,12954,abcad7ddc37c961d3a71e92711c3686a2a101af64fe08457532fdcab3360a4e1
OPENGEM/GEMAPPS/FONTS/AA280GEP.EPS,8806,7dcd2d030ad22441ebe905017299137ef9b4aba17c288044250cdbefb6a807ba
OPENGEM/GEMAPPS/FONTS/AA280GFP.X20,8258,bb2f460456e8e580fc01c609a7ed450201caa1123814c4a09d46b40a772b9895
OPENGEM/GEMAPPS/FONTS/AA280GHP.HPH,10482,c821aaf654ce69560041bbf7cb1c2a805bd48406e0ced88b6b0b3a5877d98805
OPENGEM/GEMAPPS/FONTS/AA280GLP.B30,23914,aaad2bc12a268367d69fa6eb22dfb77c57f564b23cbef0a7080ef556aa41d25e
OPENGEM/GEMAPPS/FONTS/AA360GAP.EGA,7336,a1fcf40a89fb3afb961732015eafd49f2672731dc002ddd05d7bcfee9f7e5080
OPENGEM/GEMAPPS/FONTS/AA360GBP.B30,32746,a07ea636f4f03d15f40d604c6b19c04d532997f9cfe534db9cb0f1bcef705598
OPENGEM/GEMAPPS/FONTS/AA360GCP.CGA,5770,76483749db09acc442cd98ef9852fc02b04ac1867de6c2143b1605909ea75c85
OPENGEM/GEMAPPS/FONTS/AA360GDP.ELQ,17538,10fa67f6dd50ddcf0658cfb1d60ee209e880f42daaba716f37f5561679321d95
OPENGEM/GEMAPPS/FONTS/AA360GEP.EPS,11732,dbe058fe8d92954cd61aa95e178cebe9e464b7185c4f647c0d065d0cd48efd18
OPENGEM/GEMAPPS/FONTS/AA360GFP.X20,10834,23464f0309d3e34ba343b58e7afcf0b20709d4f817ca28947607de5a7de038bf
OPENGEM/GEMAPPS/FONTS/AA360GHP.HPH,14036,ee254a9c2e42b8711d3214617a17a4b1c431c9be572539342a48e32643bdb499
OPENGEM/GEMAPPS/FONTS/AA360GLP.B30,32746,a07ea636f4f03d15f40d604c6b19c04d532997f9cfe534db9cb0f1bcef705598
OPENGEM/GEMAPPS/FONTS/AA360GVP.VGA,10076,89147fd62ae4da27862098d4418b9633891f833abd13f46ae0d1f866773a489d
OPENGEM/GEMAPPS/FONTS/AI0100GV.VGA,3480,be43d6b81f8ad67a1dce0b12990dadeee1ff698d63b1471d3ac01aab65029772
OPENGEM/GEMAPPS/FONTS/AI0140GV.VGA,3360,92eab47a2d2e7611eca3f7738a0aa98f5fd5b288bb3556c7842f7ac646720c3b
OPENGEM/GEMAPPS/FONTS/AI0200GV.VGA,4688,ace59f1aedd88a0807f672146d619a3e74a0148856f38bbcae687607f376e6d8
OPENGEM/GEMAPPS/FONTS/AI0280GV.VGA,6702,a6c7cce4157fa9963c2d98fa8afa43f3dae729a420b1212b46ee067789978a50
OPENGEM/GEMAPPS/FONTS/AI0360GV.VGA,9066,94d1432420bd19c053fc9ce02012d3cdf4a86f8a4a3ac23e7eabb1dd57db8087
OPENGEM/GEMAPPS/FONTS/AI0480GV.VGA,13184,1de14374595a579633f718f3e772bf5bb1523f0f4fef8a3b51d3d77a3b2927f1
OPENGEM/GEMAPPS/FONTS/AI070GAP.EGA,2010,d8115b9b8f4581456d33a7ca2b8971e2d2af0514633a4b6a96df79d8b4f4e3dc
OPENGEM/GEMAPPS/FONTS/AI070GBP.B30,5538,f04a156f2f062e3f8aa59cd400a61ceb54f72bf358d57888c0f0585434410dd7
OPENGEM/GEMAPPS/FONTS/AI070GDP.ELQ,3294,b33f283a74f49b34017a0cf7405b300654433f3b1ce11274fbe1c02681b63d9c
OPENGEM/GEMAPPS/FONTS/AI070GEP.EPS,3650,cdc141fa3828184dfbab00907b884727b21595e331f7fdb6aa526ae6e69450de
OPENGEM/GEMAPPS/FONTS/AI070GFP.X20,3170,8c841f738abc6bafe993191b7ea74629f7ec5bbb89e67054d5dea96a68d898cd
OPENGEM/GEMAPPS/FONTS/AI070GHP.HPH,4296,db814c30664215c034f965f72b1ce0315927b621bf0213e2c1271cda062212bc
OPENGEM/GEMAPPS/FONTS/AI070GLP.B30,5568,4f8b757b7b7d989852841498b91781ec1bde948082ca340f1a2ea367523e8e8d
OPENGEM/GEMAPPS/FONTS/AI070GVP.VGA,2250,179888a2f1fa265299c87a2adbdce61527bf0ce74d45ba7eb842074184ad688b
OPENGEM/GEMAPPS/FONTS/AI100GAP.EGA,2970,41be2351f3431efadebd30279261da7f086ab0e45070bfc7f567909804ced528
OPENGEM/GEMAPPS/FONTS/AI100GBP.B30,8058,50c0800946f378402e6329d2de33f36a06269f3002ab1a094990e371b4462eec
OPENGEM/GEMAPPS/FONTS/AI100GCP.CGA,2120,bcec97bd54edc9accf17bea11f6d3eab18cd51e638c9f1f22c2460f19b843ae8
OPENGEM/GEMAPPS/FONTS/AI100GDP.ELQ,4638,9289dc6338597c48b2cbfcb9ff81279e1cbd332995cca6ecf799d7553b010964
OPENGEM/GEMAPPS/FONTS/AI100GEP.EPS,3374,dbc90b2759298630a98c9969dd76814a9e90e79f0d36b2b2572c06afcdc1eced
OPENGEM/GEMAPPS/FONTS/AI100GFP.X20,3230,995029aebf6dcd45e2411613c31abfac7573859c86af398a3100d9ad580fa75e
OPENGEM/GEMAPPS/FONTS/AI100GHP.HPH,3900,40441516580cd7156616ae109065d008c57717cbb092f815624de4583c57e23b
OPENGEM/GEMAPPS/FONTS/AI100GLP.B30,8088,91e908b443aea2fc87279b33c1cc6ea7c2cba0a096c8e153fb960dfff969cd94
OPENGEM/GEMAPPS/FONTS/AI100GVP.VGA,3480,043cbc736ba1d69466b52cbb6811cbca47b9dfb55dc40af41636c45d91c340c5
OPENGEM/GEMAPPS/FONTS/AI140GAP.EGA,3182,44666d56720f54aa2af1b5264ea8eda12fd1cfc7f38106b1ec4a792cfbaf4d1a
OPENGEM/GEMAPPS/FONTS/AI140GBP.B30,11758,65c86559ffe9c2cf1fde7b098099e580da5df35ec1017c4d9a5494bc1ffafc72
OPENGEM/GEMAPPS/FONTS/AI140GCP.CGA,3350,28d20e5291a6feaca7f694bf474b12180c1f200f0744ea10751a807e7585afaa
OPENGEM/GEMAPPS/FONTS/AI140GDP.ELQ,6534,c260df9fc18cd1cc670425cdac78d501e2c87b74f31b680e789ec16d94d887d7
OPENGEM/GEMAPPS/FONTS/AI140GEP.EPS,4668,fc3bb907ab514836529c5f560b1e25d20b3b76769d29d853e9276bba9d2373cf
OPENGEM/GEMAPPS/FONTS/AI140GFP.X20,4374,d44caf7c87aa421cd95878530aafc1b75f6feb9aec21e04968b91461d971bda0
OPENGEM/GEMAPPS/FONTS/AI140GHP.HPH,5538,629b9cb33fdabcc629839849ab9fd5e9c99d78d2d47f34ee62adf663000d0142
OPENGEM/GEMAPPS/FONTS/AI140GLP.B30,11800,70db5e57c4822ec11e2b180f132bc7a908d7008ca771de2c9bb48c8a6a7ae8f3
OPENGEM/GEMAPPS/FONTS/AI140GVP.VGA,3354,3e1a15fe0088ff39c8f2c35596451d01d2ba8ad5b2b6d5c572e3b09fdc8614f8
OPENGEM/GEMAPPS/FONTS/AI180GAP.EGA,3958,100f4bcdcb7d83c02256261d1188cb1b7c64b1c15e76cc0c1c58368eadb1f05d
OPENGEM/GEMAPPS/FONTS/AI180GCP.CGA,4602,1692085e783fadfde922e8000f7a6085332424bf092b7df53cbb858007ab1744
OPENGEM/GEMAPPS/FONTS/AI180GVP.VGA,4244,cee0509d9923bced43fba62cae12e86593563dd9772b8272dc7527d5497a3b77
OPENGEM/GEMAPPS/FONTS/AI200GBP.B30,17798,a292f862faa73de02c309e664e1d9c304cdf5352769ee6b36b0a83f14245beb8
OPENGEM/GEMAPPS/FONTS/AI200GDP.ELQ,9974,3d775b8c1efc63884a09ffa084d48fb81dea948a10cf21c15fedd6e8813d66f5
OPENGEM/GEMAPPS/FONTS/AI200GEP.EPS,6854,57ee79b26dbc78e0c20ba777c51736f2f562c9c13f78ee3ef1a79ce85ce64664
OPENGEM/GEMAPPS/FONTS/AI200GFP.X20,6266,ca12ad8c3a9886d0b6f9014d6b60e7c24c20445843e51bbc4676d2cf95ecf8ef
OPENGEM/GEMAPPS/FONTS/AI200GHP.HPH,8058,f2e333c4f803296189f9980164feac375e061f6f70c93515576d7d3ae5029e39
OPENGEM/GEMAPPS/FONTS/AI200GLP.B30,17852,83ab286eb844e31dd8a3d659b030d849a9c40278bc5a3a0dfbd72908c8636e84
OPENGEM/GEMAPPS/FONTS/AI280GBP.B30,26868,4bcf7ff346d8c300984f6bfd9ebfb7829f94f2c1b4e43cbe1ecaa5d5e4d57992
OPENGEM/GEMAPPS/FONTS/AI280GDP.ELQ,14514,6351a2fb642d68087a469ff845f13a98991ea6bb2741f7f8e33602598b644057
OPENGEM/GEMAPPS/FONTS/AI280GEP.EPS,9984,ddd8910ee3bcc0e75b1aabde54ca42010dcff66423ee30d6871f72d4ace38278
OPENGEM/GEMAPPS/FONTS/AI280GFP.X20,9288,44fc4d6d09461af88a4c10d99c700c4f79befe2c662198942cad4a6b4ef53ed7
OPENGEM/GEMAPPS/FONTS/AI280GHP.HPH,11758,565bc1803174d5f0db643fe9c61fef7df896157372ea3b23c5b195b364e7c496
OPENGEM/GEMAPPS/FONTS/AI280GLP.B30,26904,23e0ab3e8762bd204f1057bceb8a784367ead602498ef4f1bf211fcd9a8b0bc2
OPENGEM/GEMAPPS/FONTS/AI360GAP.EGA,8130,bdef587bacff76c2e744eeb0fa50df79a07789a599461dbe295f7aceae604228
OPENGEM/GEMAPPS/FONTS/AI360GBP.B30,36612,0a1f9e9243485dfe79ad6b9142710ce1f5c887fe2796a60e823ac205a850deb0
OPENGEM/GEMAPPS/FONTS/AI360GCP.CGA,6124,3fca6e2fc253f410f04a55b0b9bbe1887dab5dcbc43c72859269ad01214b3908
OPENGEM/GEMAPPS/FONTS/AI360GDP.ELQ,19550,9b4650b3868faba952fea2ed45bf7c8563f7715d15e1287741f962336309bcc6
OPENGEM/GEMAPPS/FONTS/AI360GEP.EPS,13300,a208ef6e630655771ee718975c4d37d5bad731713b60ae245e8244010eea227e
OPENGEM/GEMAPPS/FONTS/AI360GFP.X20,12086,5662e41f120585b3b3ba77f243f8341ececd5d3ec33ea579bfeecab460df4c22
OPENGEM/GEMAPPS/FONTS/AI360GHP.HPH,18538,4b818351b19bff1541908d41600ddfafea9ae6e40e9a2e2cef76a1a98c111ca7
OPENGEM/GEMAPPS/FONTS/AI360GLP.B30,36650,085eb553f263686b41a20ad8ed84837e7b3ac656c55e59cc1491bf4e66a2a857
OPENGEM/GEMAPPS/FONTS/AI360GVP.VGA,11530,8643b74805e3bb23a59b4ae97dfd5e426c7ffba40ebe330a37fa54cef731f205
OPENGEM/GEMAPPS/FONTS/CQGQ.AFF,25078,8bf9b255c8779fa5af0e26282658f9feefa4547c38a3a4cb93607cf102151cb6
OPENGEM/GEMAPPS/FONTS/MODERN.PSF,4100,64df9f67735ae5fb56de15cc1bc1174ffbb8810b4d5045b67f01465a5b95bc84
OPENGEM/GEMAPPS/FONTS/NSANSBDI.AFF,20203,6663f25885147d88930c64d681f0a93c803d83bfc17604bc717e96e926f53780
OPENGEM/GEMAPPS/FONTS/NSANSBLD.AFF,20794,773a2fcc71ccb3756cd49b0102a554b487f91847090993a5736e9002607f7c80
OPENGEM/GEMAPPS/FONTS/NSANSITL.AFF,21928,49a19d3e32adb5c3913c0773def50a64f05e5ecd0e72fd1cecc83e84b3bbcc31
OPENGEM/GEMAPPS/FONTS/NSANSROM.AFF,20306,b78a53cb5721a8181ae3eb2fed3328fd3255812234e52c3068fcbe0675da12fa
OPENGEM/GEMAPPS/FONTS/NSERFBDI.AFF,26380,7bbe6a1eecf78453da64320b8ba7c0dc69acb8ed535c5362f252eb09b4efeb79
OPENGEM/GEMAPPS/FONTS/NSERFBLD.AFF,27695,2f999b4491da0bfac5e6cb4d6f3b485db08f7b35cf70cd9769c047967921e6d0
OPENGEM/GEMAPPS/FONTS/NSERFITL.AFF,26106,cf1065781703af96b932fa655d749263593801449455d846c0af37624a78b78c
OPENGEM/GEMAPPS/FONTS/NSERFROM.AFF,26437,20d4f5f29d98c7f61efa8672d146c7e0c615daad72208d975da924373c890772
OPENGEM/GEMAPPS/FONTS/ROMAN.PSF,4100,3b3a8d0068512fd41cd6fcddf8781166044d240a92f331fecbf3470956008195
OPENGEM/GEMAPPS/FONTS/SANSERIF.PSF,4100,ad763984bd6edf897af7645202281caffdf96c203e09a6542bc2730c7e496961
OPENGEM/GEMAPPS/FONTS/STANDARD.PSF,4100,08da3f2353c3b02a06eb03f0936be0f85f464edb0ff843f6d85908da6d286dea
OPENGEM/GEMAPPS/FONTS/VGAFSTR.INF,928,1fbd9387b5219c3f0ce291932884acddb71c0aea6b8773ef48942f5397a498b1
OPENGEM/GEMAPPS/FONTS/VIEWMAX.PSF,4100,a26c5e744894f666657b328b05071f0b78ea9711bba59578351699add49cb61b
OPENGEM/GEMAPPS/GEMSYS/ATARI.CFG,784,0c11e79b473d250f615000151d784b042c36eaffaa5b464f543f70fd05562cdc
OPENGEM/GEMAPPS/GEMSYS/CALCLOCK.ACC,29184,8bf0b8ff50f3d0760edd0fb8953b3f8a81d925c2ef55ba74b36e812f480fbc76
OPENGEM/GEMAPPS/GEMSYS/CHOICE.EXE,5320,5c8e199e6ffc17827efbab9d9a2140569baa9c27429bc3d4238e072bdbe5e700
OPENGEM/GEMAPPS/GEMSYS/COLOUR.CFG,514,ff386f139911efb01c64c1ec71e9db804c88ae8c56938808d06c016dfbd519df
OPENGEM/GEMAPPS/GEMSYS/CTMOUSE.EXE,5829,822cf550c9e19a22785722d2306aa08ede10ff20bfe931d5a81a15f77c5f363e
OPENGEM/GEMAPPS/GEMSYS/DESKHI.ICN,12871,c98771dd4f7536109b5bb762cc50f05a6f6220946c4548fab2c8cb748f40ed17
OPENGEM/GEMAPPS/GEMSYS/DESKLO.ICN,8756,fd878d58d76d90f5bf638a69b8e5f636341194bcd58ce5e7ef2ce5614eb80a4a
OPENGEM/GEMAPPS/GEMSYS/DESKTOP.APP,65444,b528c61e7842b4020e4440eb0f2301f89327c24091c619da16f2489ab08bb262
OPENGEM/GEMAPPS/GEMSYS/DESKTOP.DFN,2830,2b1a862dad40b1c5ecd623fa9d810faddee8469dfacd6bb201a49f60fc3bee29
OPENGEM/GEMAPPS/GEMSYS/DESKTOP.FMT,384,cf83776d64afe3758b58ff9d0d58b124b91762ce2925a7d875360b9066d1fac3
OPENGEM/GEMAPPS/GEMSYS/DESKTOP.INF,960,ece37e46343db749bc25dd82e9c96bfcce894a0c10278611e8bb6db6928ecb21
OPENGEM/GEMAPPS/GEMSYS/DESKTOP.RSC,13418,76e898dbc94b95aeb71ea0f3dd7df27eab747dfe38f372fd87d36fb2bc149301
OPENGEM/GEMAPPS/GEMSYS/DJU.ATM,1042,e1c776bcad0d50bc2087b939c7cdb7fd5e0cd321620741a800a7540375b7f604
OPENGEM/GEMAPPS/GEMSYS/DJU.DDF,276,f4c8ebcf84ebfb6b0d732631649f63ccb857d5ef3dec350e79aa9a72ac6835e9
OPENGEM/GEMAPPS/GEMSYS/GEM.CFG,4403,775ca7a3c2a9283347165648b71d92447e7ac8561e8b7b0a2655fd54281fae5d
OPENGEM/GEMAPPS/GEMSYS/GEM.CPI,24668,c0ab8f57540aa7bb35454c8de2002a7584cc07e9724a44d23bdbb41b09c7e624
OPENGEM/GEMAPPS/GEMSYS/GEM.EXE,72914,3657e39debefb550bdebf6efd709c2fbe6641183e5d4104076d1e40e4fc3bc3d
OPENGEM/GEMAPPS/GEMSYS/GEM.RSC,7628,4af7511e7284f4c0622dc12de40ea046d8dfe16cb42699bf82b9cb3d9de425ab
OPENGEM/GEMAPPS/GEMSYS/GEM1.CFG,784,b2cee3b890e17a7ee84f68d44946743d6615e0cc915f351d2152325bd0e687ca
OPENGEM/GEMAPPS/GEMSYS/GEM2.CFG,784,8672bed87078c75509533ea3857f197b35a029cd7b4c0af7f84303dbf59450dd
OPENGEM/GEMAPPS/GEMSYS/GEM3D.EXE,70722,e978a365636b4466a196da98722e320e7720040a0d3c77ab9390b9a18d1ec87a
OPENGEM/GEMAPPS/GEMSYS/GEM5.CFG,766,21cca8153b2447d1946f0c1bbd2acaeb9813a79c4de1f8fd34c7443d0563272b
OPENGEM/GEMAPPS/GEMSYS/GEMSET.RSC,12404,3691c4a3fcd2634169a6463371fd9eca65fe7f20826e48ece27b5e4862add818
OPENGEM/GEMAPPS/GEMSYS/GEMSETUP.TXT,370,2826dd7f47b39af038873869a1b62cabf7bbe5cb68a1a75cb568055d5d80ebc2
OPENGEM/GEMAPPS/GEMSYS/GEMVDI.EXE,16384,04bcba46d2676daaaa599859236ce90792a312afdb41f793df3358d9a499b018
OPENGEM/GEMAPPS/GEMSYS/INSTALL.BAT,2096,75fd095e6470fb75911f8c32bc9d60e4b1730802bc5cddc0d2934e3db98a0cc1
OPENGEM/GEMAPPS/GEMSYS/INSTALL/WHATIS.TXT,25,e9bf35d66c73b7bb63ccf567059a0ce5c9c4b9dc99a59424e7efd9fde63aa668
OPENGEM/GEMAPPS/GEMSYS/LESEMICH.DOK,1536,43ae87026ed39979089a97f5cb892f183f29a1d99e21e93dafbbf7be6b052576
OPENGEM/GEMAPPS/GEMSYS/LICENSE.TXT,17993,171de7c5a7c2bab18194323817e856cbc6f6dd6f73b1e6af1f9fa6d3c143ad1e
OPENGEM/GEMAPPS/GEMSYS/MDGEM9.SYS,5120,54be478fcfc1f15124e7735536dc42cd021731223b4fb7873fd8c34a1db79d10
OPENGEM/GEMAPPS/GEMSYS/MONO.CFG,532,45323b1ecae77e1143fe6a6d76bfa890dddd2dae68b9832ae68942a878d6c72b
OPENGEM/GEMAPPS/GEMSYS/OUTPUT.APP,74208,27b715186cc436ad58d640278c93ad68786d395ea2dda1058d3895e8d0c13153
OPENGEM/GEMAPPS/GEMSYS/OUTPUT.INF,653,c2f51ba51c5f67c952d91278b52e5edbd693d450c1e493e7305d75bdf0e407e7
OPENGEM/GEMAPPS/GEMSYS/OUTPUT.RSC,35004,2d82e78a397cb177b28496a0e752455d9abb7020fede32aec8dbb0534474665a
OPENGEM/GEMAPPS/GEMSYS/PDDJU9.B30,43454,f09161b9216b9580454cef3b1cc31644510516af43366474a1e74ddb9996066f
OPENGEM/GEMAPPS/GEMSYS/PDPST8.SYS,38323,e1dafc09b0a2dd4dea717a8bcee567d922a01790bb402fa2f1eaa686ff6d18f4
OPENGEM/GEMAPPS/GEMSYS/PRTRERR.STR,1338,ee6e4dcaba3c176b55b0af75b6c81f25ed2630b9a4d0503e54daf97d35cc870a
OPENGEM/GEMAPPS/GEMSYS/README.DOC,12694,93ef736400c08799e73268b5ddf488b76cf22e5d4407bfe09762da7a2e228a9b
OPENGEM/GEMAPPS/GEMSYS/REBOOT.COM,16,5f36d252a1d1ae1ea2b37dd0aac87760bbce930d75a5cc875da43f5193bb34c9
OPENGEM/GEMAPPS/GEMSYS/SDPSC9.VGA,50688,0296b59b95e0f2f7a53174803e88cfdbb8fc3301d9bd5ae04ba98ee7719539e8
OPENGEM/GEMAPPS/GEMSYS/SETTINGS.APP,42734,459a9b81f652360d0cafc0d6a3cca462e9fe384c81d401e3dcd252a1d02f6b2c
OPENGEM/GEMAPPS/GEMSYS/SETUP/ACC/CALCLOCK.ACC,29184,8bf0b8ff50f3d0760edd0fb8953b3f8a81d925c2ef55ba74b36e812f480fbc76
OPENGEM/GEMAPPS/GEMSYS/SETUP/ACC/FREEMEM2.ACC,8993,7d9cc4825b6cf8ea4fe1fbad1416c984746deb8c0165b8dea8b9afe447153020
OPENGEM/GEMAPPS/GEMSYS/SETUP/ACC/GROWBOX.ACC,18714,1ff7be041632ddd8284fa88618c4b7cdac09ce648236faea6ff750b32859f7ea
OPENGEM/GEMAPPS/GEMSYS/SETUP/ACC/OFFICE.ACC,41472,c4e12a1d958bfea208e59afee1029fc3b9cc114406b9d986cc3a7697f440576e
OPENGEM/GEMAPPS/GEMSYS/SETUP/ACC/PALETTE.ACC,26016,e3967536b8ce41e2bdbd561f5707904a989cbf30b258f4f92e7816ddc087025b
OPENGEM/GEMAPPS/GEMSYS/SETUP/ACC/POST.ACC,21504,6756816d500f07526a2dc4dee1aa273472ccbd0fea66ec916af553c7284acade
OPENGEM/GEMAPPS/GEMSYS/SETUP/ACC/SNAPSHOT.ACC,13042,24228e9107df5424c5af6bca4cafc9da60801832cbf6b5bcec96a8090e0b7a9d
OPENGEM/GEMAPPS/GEMSYS/SETUP/PRINTER.BAT,6255,9ca1f95d4a4e4e2c1660f2f2d5eeac9e00d6d07f15c183fb9ba1db16deed15af
OPENGEM/GEMAPPS/GEMSYS/SETUP/PRINTERS/DJU.ATM,1042,e1c776bcad0d50bc2087b939c7cdb7fd5e0cd321620741a800a7540375b7f604
OPENGEM/GEMAPPS/GEMSYS/SETUP/PRINTERS/DJU.DDF,276,f4c8ebcf84ebfb6b0d732631649f63ccb857d5ef3dec350e79aa9a72ac6835e9
OPENGEM/GEMAPPS/GEMSYS/SETUP/PRINTERS/LESEMICH.DOK,1536,43ae87026ed39979089a97f5cb892f183f29a1d99e21e93dafbbf7be6b052576
OPENGEM/GEMAPPS/GEMSYS/SETUP/PRINTERS/PDDJU9.B30,43454,f09161b9216b9580454cef3b1cc31644510516af43366474a1e74ddb9996066f
OPENGEM/GEMAPPS/GEMSYS/SETUP/PRINTERS/PDEGH8.B30,42280,db9539489728ad1761afedb31bdb3625854ec84f6583c3444eea61ce4b66d6d0
OPENGEM/GEMAPPS/GEMSYS/SETUP/PRINTERS/PDEHI8.EPS,42356,27608027f091195d24170d0281eaedff398cae74a9015d34a4e4c806b69b5a1c
OPENGEM/GEMAPPS/GEMSYS/SETUP/PRINTERS/PDEHI9.EPS,45056,6e0510d6889ca5438d93e5995b8aa8538b7ac1270334cb6750ac8625c2369174
OPENGEM/GEMAPPS/GEMSYS/SETUP/PRINTERS/PDELQ8.ELQ,42112,f8ae396c9c8dfc0258d6c5a44db915d7ddb58e107adb9d52042a3c5ca48ae793
OPENGEM/GEMAPPS/GEMSYS/SETUP/PRINTERS/PDHPH8.HPH,50914,4d93b55fc39c5785f134216f49c4ae5058f204291ce87581bba1a5f6f23002ab
OPENGEM/GEMAPPS/GEMSYS/SETUP/PRINTERS/PDHPU8.B30,51034,7522396f323d9658e282749db91a646cbd8e4fe8224cc4900754a2a9544ebcec
OPENGEM/GEMAPPS/GEMSYS/SETUP/PRINTERS/PDPRO8.EPS,42334,c098d7237ca32942e425ea849c6d9ccfb89e00c08d37b779a2dd3644a34ce6f3
OPENGEM/GEMAPPS/GEMSYS/SETUP/PRINTERS/PDPST8.SYS,38323,e1dafc09b0a2dd4dea717a8bcee567d922a01790bb402fa2f1eaa686ff6d18f4
OPENGEM/GEMAPPS/GEMSYS/SETUP/PRINTERS/PDTSH8.ELQ,42146,d6640901527aa576eddcd98b75ba5ed40a7d6ae299249c8c97f8bf893451728d
OPENGEM/GEMAPPS/GEMSYS/SETUP/PRINTERS/PDX208.X20,42936,cebaf9a8d1410f1563fc4b04f8c947300b05457305104624ef904c15eac85bcd
OPENGEM/GEMAPPS/GEMSYS/SETUP/PRINTERS/PRINTER.TXT,3572,619db39c31259f9039d15d608765e72d5487c446336813a6fd6227e4f7db2e36
OPENGEM/GEMAPPS/GEMSYS/SETUP/PRINTERS/PRTRERR.STR,1338,ee6e4dcaba3c176b55b0af75b6c81f25ed2630b9a4d0503e54daf97d35cc870a
OPENGEM/GEMAPPS/GEMSYS/SETUP/REPAIR.BAT,3010,65f00b1bccddd681139831aa724e9ebf445a6d9954d9f0ea2ba8366e168ce326
OPENGEM/GEMAPPS/GEMSYS/SETUP/REPAIR/REPAIR.ZIP,131618,1808578397b38e7575832933196576586dd711b9fd037bd56a20f3d1c257e84a
OPENGEM/GEMAPPS/GEMSYS/SETUP/REPAIR/_DS_STOR,6148,d65165279105ca6773180500688df4bdc69a2c7b771752f0a46ef120b7fd8ec3
OPENGEM/GEMAPPS/GEMSYS/SETUP/SETUP.BAT,3908,51518515d61056cbe0b5227a607b315f2557ac7e971e503a634fa0d2b1cf200b
OPENGEM/GEMAPPS/GEMSYS/SETUP/SOUND.BAT,2780,33959ac32968c478c938aa4f53956ae1b291dd1119b65ef5e8aaed2eddffec3a
OPENGEM/GEMAPPS/GEMSYS/SETUP/SOUND/BDCS4235.EXE,9872,6886540b07f7047afd2c8c140f3dc88ac01a65cae6cd6571677bfeea8315772a
OPENGEM/GEMAPPS/GEMSYS/SETUP/SOUND/BDSB.EXE,8944,4420dbe4a6960cf7d72b7af9a76b5d26c803427f6e9c13c5dd05a61cfac45fe3
OPENGEM/GEMAPPS/GEMSYS/SETUP/SOUND/BDSB16.EXE,10400,7f78740b7a6351bc32441a316f6e01f1f8a62802b587d9b695ed0eb41ba94543
OPENGEM/GEMAPPS/GEMSYS/SETUP/SOUND/BDSBPRO.EXE,9504,ae956762221450679ca3672e5e52ccf29b5f1c43f26b8a9bd0d22e45e8450317
OPENGEM/GEMAPPS/GEMSYS/SETUP/VIDEO.BAT,9282,9238bf41dfdb7ad6b88035613d1ba8a272b9f5d55c81196c0013114d542f9d1b
OPENGEM/GEMAPPS/GEMSYS/SETUP/VIDEO/SDATT8.EGA,48128,32288c7290f47c2398cbd6deb3a2ae44e1367ad99372fba5d128bc53beb66bea
OPENGEM/GEMAPPS/GEMSYS/SETUP/VIDEO/SDCGA8.CGA,45568,566b0d860de0d31fa3a9ce38383758a34abbe2f8fce9112e09ba86580ffcdbe7
OPENGEM/GEMAPPS/GEMSYS/SETUP/VIDEO/SDDEB8.EGA,48128,403a014eb56871b5e9e6bd893968947075d42f60e31d14e47aca3fd785e82d7e
OPENGEM/GEMAPPS/GEMSYS/SETUP/VIDEO/SDEH18.EGA,47104,f2de3c348852b086ba293a6722ecd7ee10c2084a549fd281cc4dcf238bab3992
OPENGEM/GEMAPPS/GEMSYS/SETUP/VIDEO/SDEHF8.EGA,48640,8d506acd103564e7c3761579c47bec4daa7d95bd5f337855da243c8535be6e58
OPENGEM/GEMAPPS/GEMSYS/SETUP/VIDEO/SDGEM5.VGA,52224,32bcd4008008a6f3ea49b06a7c6d760c0c92141a4cf09a00124fe085012c651b
OPENGEM/GEMAPPS/GEMSYS/SETUP/VIDEO/SDGEN8.VGA,48128,3c500f865bd85ff889909fe5370c89cb2d7423ce3518854e20117862e9635935
OPENGEM/GEMAPPS/GEMSYS/SETUP/VIDEO/SDHRC8.EGA,47616,409910e80adbbfbc383017e7f31ebe9bb34b6e4c843e0bc14a5b02668f642546
OPENGEM/GEMAPPS/GEMSYS/SETUP/VIDEO/SDP648.VGA,49152,fb9fce052cd71048535857732d7bb40cb5e610f178134594f5e950e6ceb4b549
OPENGEM/GEMAPPS/GEMSYS/SETUP/VIDEO/SDP758.EGA,47616,54046d931e6102cf9ea49d49094b90477ef899a6826de761ad606a349772beb9
OPENGEM/GEMAPPS/GEMSYS/SETUP/VIDEO/SDPSC8.VGA,48128,2eacce0ebccab7a910d141c352084d0a9b569ccd0a97d82f5ec28bab78a1cb62
OPENGEM/GEMAPPS/GEMSYS/SETUP/VIDEO/SDPSC9.VGA,50688,0296b59b95e0f2f7a53174803e88cfdbb8fc3301d9bd5ae04ba98ee7719539e8
OPENGEM/GEMAPPS/GEMSYS/SETUP/VIDEO/SDPSM8.VGA,47616,37e92d5393a03d26fdb7bafa12ea511feda6ba05b439ab8dd21359fd6b130e4d
OPENGEM/GEMAPPS/GEMSYS/SETUP/VIDEO/SDWYS8.VGA,48128,8a30af5f08c5e386fc7dc8adc93558290fced9e35b415e1f790ed0fca49afc81
OPENGEM/GEMAPPS/GEMSYS/SETUP/VIDEO/VIDEO.TXT,1772,d2bbb43ad9de8082b743841a1fbe1c8fbbc5c04f040fd7f4305144c0a06b2606
OPENGEM/GEMAPPS/GEMSYS/SETUP/_DS_STOR,6148,d080c63e15614d1647995ecdde4f3d3d9e743a72e872ac352e1dd7f1fd5f7a8d
OPENGEM/GEMAPPS/GEMSYS/SHUTDOWN.COM,894,559272e5706d5216c6e4cc7dee7905280dbf6a817f976b4f0e559ac216f86f8d
OPENGEM/GEMAPPS/GEMSYS/SOUND.EXE,8944,4420dbe4a6960cf7d72b7af9a76b5d26c803427f6e9c13c5dd05a61cfac45fe3
OPENGEM/GEMAPPS/GEMSYS/UNZIP.EXE,48654,e72b72ce933b83a88c114729691cc5ded31e7333212cdb3581b1b16f0e5898bb
OPENGEM/GEMAPPS/GEMSYS/UPDATE.BAT,2043,6cc58d6bc0fa101d280a2108a9946f46001b63b9590f7d695ac6d0d2a6afbf88
OPENGEM/GEMAPPS/GEMSYS/UPDATE/WHATIS.TXT,25,e9bf35d66c73b7bb63ccf567059a0ce5c9c4b9dc99a59424e7efd9fde63aa668
OPENGEM/GEMAPPS/GEMSYS/UPDATE/_DS_STOR,6148,d65165279105ca6773180500688df4bdc69a2c7b771752f0a46ef120b7fd8ec3
OPENGEM/GEMAPPS/GEMSYS/VIEWMAX2.CFG,766,21590bbc9be1eb136d1809a57e13f1ea933b22f8bd96aa55ef761c51666bc0ad
OPENGEM/GEMAPPS/GEMSYS/_DS_STOR,6148,a9e04f03f43c4b9317c93ca5819c06c751154c1b57d24fe2a39d2b61cd95528a
OPENGEM/GEMAPPS/HELPZONE/FAQ.TXT,4477,41ef627a920ca1200eca21f9a20e4440d5ccad70dcb4bfa1b6bc804d29a2cad4
OPENGEM/GEMAPPS/HELPZONE/GUIDE.TXT,38981,af21a9729af5b38288e1db6fe770b910021a3486c3f3d0af58bd77583b9cb3d2
OPENGEM/GEMAPPS/HELPZONE/LICENSE.TXT,18347,b15f41248f0957edfd2d91202ee810a6ef2d92c0256d330585d806677306a706
OPENGEM/GEMAPPS/HELPZONE/README.TXT,5999,a7d345076436d540a225339a248ba618f9e91ed3543d393cc7d3652e749f0b68
OPENGEM/GEMAPPS/HELPZONE/VERSION.TXT,346,ddc9b43f978eae84e784c5e1600294ff7827b283a53e9098812f3960a04737cb
OPENGEM/GEMAPPS/SYSFONT.APP,70784,ff3085290e5ffd47eb8bc2b34ae184de72bd9ff0ad27746ea37b324f3f4b6cc0
OPENGEM/GEMAPPS/SYSFONT.RSC,6754,1ca7309461740443c54c76fe70a1b84a7d6ab856f79240d980956d3087f0dc3b
OPENGEM/LICENSE.TXT,18347,b15f41248f0957edfd2d91202ee810a6ef2d92c0256d330585d806677306a706
OPENGEM/README.TXT,5999,a7d345076436d540a225339a248ba618f9e91ed3543d393cc7d3652e749f0b68
OPENGEM/SETUP.BAT,3808,ec9af68668764efcd8aaab89f48ebe858de85736f8c74137441de411d3dff2ad
OPENGEM/SETUP.OLD,3859,cf1dc98a4d09be6ba2672e05af625e846bef8ea04cbcfe462a0a10fd0809b3a7
OPENGEM/SOURCE.TXT,290,cceb4617dc94b83f443eed26036968ae3b6ae5e441928d315ad43b815274a661
